gRNA name,Gene,gRNA sequence,rs3_score
CUL3g1,CUL3,GACCTAAAATCATTAACATC ,-0.05939109631460038
CUL3g2,CUL3,Non-Targeting,-2.095601295262963
CUL3g3,CUL3,CTTACCTGGATATAGTCAAC ,0.7413533178566203
CMTM6g1,CMTM6,GGTGTACAGCCCCACTACGG,0.7965425799477305
CMTM6g2,CMTM6,AGCTGAAGTCCTGTCATGTG,0.25525801313570357
CMTM6g3,CMTM6,TCACAATGTACTTTATGTGG,0.4403232630999766
PDL1g1,PDL1 (inc_08),GGTTCCCAAGGACCTATATG,0.6213594157740701
PDL1g2,PDL1 (inc_11),TTTTAGGAGATTAGATCCTG,-1.036519657881495
PDL1g3,PDL1 (inc_01),CGGGAAGCTGCGCAGAACTG,0.5603873554965603
ATF2g1,ATF2,CACCCTGCTGAGAAATGAAG,0.1275963359209523
ATF2g2,ATF2,ACAGCTGAAACAGCTTCTTC,0.3344539459681182
ATF2g3,ATF2,GCCGACAAAAAAGGAAAGTC,-0.06178118048406105
ATF2g4,ATF2,CTTCAAGATGCCGACAAAAA,-1.0068468296934692
BRD4g1,BRD4,ACGCTCCTCTTTCTCCCGAG,0.48757244409917594
BRD4g2,BRD4,CTTTCTCCCGAGCGGCGCGG,-0.30076691993161225
BRD4g3,BRD4,TGAAGCCTGTGGATGTCGGG,0.16003299847912622
BRD4g4,BRD4,GAATAAAAAAAGCAAAGCCA,0.06969831658222304
CAV1g1,CAV1,GGACGTAGATGGAATAGACA,0.9242933961031615
CAV1g2,CAV1,TAAACACCTCAACGATGACG,0.04219348558361329
CAV1g3,CAV1,AGTGTACGACGCGCACACCA,0.9874018471869631
CAV1g4,CAV1,TGGGGGCAAATACGTAGACT,0.22162225503156713
CD86g1,CD86,CAGCTGTAATCCAAGGAATG,0.4340252900226633
CD86g2,CD86,CCACATTTATAAGAGTTGCG,0.08334113873982878
CD86g3,CD86,TGTCCGAATCAAAACTTGTG,-0.0016943055997894077
CD86g4,CD86,ACAGTTCAGAATTCATCTGG,0.5635158634161063
ETV7g1,ETV7,ACACGTAATCCCACAGCAGG,-0.028750887704964628
ETV7g2,ETV7,GAATAGAGTTCAAGGACAAG,0.23988701142458688
ETV7g3,ETV7,GGCACGAGACATCTTCTCGT,0.5387471175622632
ETV7g4,ETV7,GACTCCGGGAAAGATGGTCC,0.4399785499041002
IFNGR1g1,IFNGR1,ACAGTACTGAGAATTCAGTG,0.8821068457136624
IFNGR1g2,IFNGR1,TAAACTGGATATCAGAAAGG,0.8299247996919774
IFNGR1g3,IFNGR1,ACCTAAACTGGATATCAGAA,0.26620502927742035
IFNGR1g4,IFNGR1,GTATAAAATACTCACGCAGA,0.043101779375997316
IFNGR2g1,IFNGR2,CGGGCCTCCAGAAAACATTG,0.31773670939914034
IFNGR2g2,IFNGR2,TGGCCCTGAGCAATAGCACG,0.4712093345106755
IFNGR2g3,IFNGR2,ATAACAAAAAAAGGCCGTGG,-0.061381216179089856
IFNGR2g4,IFNGR2,GAAGCCTGCTGAGGGACTGG,0.23554887144685846
IRF1g1,IRF1,GCTAAAGTCTCCATAGACAG,0.15041484943147743
IRF1g2,IRF1,GCTGTGGTCATCAGGCAGAG,0.30046816547106175
IRF1g3,IRF1,CTCCCTGCCAGATATCGAGG,0.2538555855992157
IRF1g4,IRF1,AGGAGCCAGATCCCAAGACG,0.7214423878098134
IRF7g1,IRF7,GAAGCAGCTGCGCTACACGG,0.7359818281711051
IRF7g2,IRF7,CAAGTGCAAGGTGTACTGGG,0.5555890841991317
IRF7g3,IRF7,CCCAGGTAGATGGTATAGCG,0.5640034284741525
IRF7g4,IRF7,TTCCGGGCACGGCAGCGCCG,-0.06415497997082609
JAK2g1,JAK2,TCTACAGGACAACACTGGGG,0.43527158134327676
JAK2g2,JAK2,GACAGAGAGCAAGTTTTCTG,-0.4506591858831457
JAK2g3,JAK2,TGTCCTGTAGAGGGTCATAC,0.3511625879933988
JAK2g4,JAK2,AGATGTTTGGAGCTTTGGAG,0.5769367809171877
MARCH8g1,MARCH8,GTAAGACCAAAGAAAAGGAG,0.24137561409186944
MARCH8g2,MARCH8,ACGGTCAATGAGCACATACA,1.1693929018315259
MARCH8g3,MARCH8,GATAGAAGTGCGAGAGAAGG,-0.26964529719388
MARCH8g4,MARCH8,ATGGCAGAGATCTGATGCAG,0.6288454173767685
MYCg1,MYC,CTTCGGGGAGACAACGACGG,0.16771647957400454
MYCg2,MYC,GCCGTATTTCTACTGCGACG,-0.07345374857793827
MYCg3,MYC,AGCAGGATAGTCCTTCCGAG,0.7966821097930803
MYCg4,MYC,GCTGGATTTTTTTCGGGTAG,-1.6924751957382467
NFKBIAg1,NFKBIA,AGGCTAAGTGTAGACACGTG,0.7066828817064358
NFKBIAg2,NFKBIA,CAACCAGCCAGAAATTGCTG,0.46418031636612006
NFKBIAg3,NFKBIA,GATTTTGCAGGTCCACTGCG,-0.23401757470958615
NFKBIAg4,NFKBIA,GTAGGGAGAATAGCCCTGGT,0.9076833510686542
PDCD1LG2g1,PDCD1LG2,CAGCTGAAGTTTCTGCCAGG,0.17122611830613357
PDCD1LG2g2,PDCD1LG2,TGTTCTGGAATACTCACGTG,0.755451389509433
PDCD1LG2g3,PDCD1LG2,GACCTGTCACCACAACAAAG,0.2681632562840262
PDCD1LG2g4,PDCD1LG2,CCAGGCTCAACATTAGCAGG,0.23649696898547523
POU2F2g1,POU2F2,GTTGCCGTAGAGCTTGCCCA,1.0536912027236174
POU2F2g2,POU2F2,CCGGCCGGAGACGCAAGAAG,0.4733697054500635
POU2F2g3,POU2F2,TGCGGCGTTGCTTGAAGGTG,-0.525894663762766
POU2F2g4,POU2F2,CGAAGCGGGAAATGGTCGTC,-0.004300543726398781
SMAD4g1,SMAD4,CAGGTGCCTTAGTGACCACG,0.45192087824862376
SMAD4g2,SMAD4,GGATACGTGGACCCTTCTGG,1.114002176918163
SMAD4g3,SMAD4,TGTTACTGTTGATGGATACG,0.42612201659551635
SMAD4g4,SMAD4,CAGTTGGAATGTAAAGGTGA,0.12645671317885904
SPI1g1,SPI1,AGACCTGGTGCCCTATGACA,1.543224349908228
SPI1g2,SPI1,GCACGTCCTCGATACCCCCA,1.2760071253450238
SPI1g3,SPI1,TCTCGAACTCGCTGTGCACG,-0.5565366522064926
SPI1g4,SPI1,TCGCCGTCAGACACCTCCAG,0.636340776838171
STAT1g1,STAT1,AAAGTATTACTCCAGGCCAA,0.588899511517301
STAT1g2,STAT1,CATGTTGTACCAAAGGATGG,0.4876436855331585
STAT1g3,STAT1,CCTTTGGTACAACATGCTGG,-0.1847113834701448
STAT1g4,STAT1,GTCTCCTGAGGAGTTTGACG,0.46050279616058637
STAT2g1,STAT2,CAGTGAGCAACTGGTAATGG,0.43979206683011735
STAT2g2,STAT2,TGTGCAACCGTACACGAAGG,0.21251007159496677
STAT2g3,STAT2,AGCAACATGAGATTGAATCC,0.9276278294024781
STAT2g4,STAT2,CCATCATAGCCCTTAAATCC,0.3332332790104888
STAT3g1,STAT3,TCAGGATAGAGATAGACCAG,0.9225951519314696
STAT3g2,STAT3,TAAGACCCAGATCCAGTCCG,0.6622215939239067
STAT3g3,STAT3,GCATCAATGAATCTAAAGTG,0.6441972963196296
STAT3g4,STAT3,TCAATGAATCTAAAGTGCGG,0.018773199949937723
STAT5Ag1,STAT5A,GCGCAACAAGAAGGTCCCGT,0.8618979112845933
STAT5Ag2,STAT5A,ACCTGAAACCATTCACCACG,-0.0037333268247263783
STAT5Ag3,STAT5A,TGTGAACTTCTCCTCTGTCA,0.5558707163685134
STAT5Ag4,STAT5A,GGGTGCAGAGTCCGTGACAG,0.06855697913850488
TNFRSF14g1,TNFRSF14,CCCTCCGGACGTCACCACGG,0.43458276274156765
TNFRSF14g2,TNFRSF14,TGAGGGTATTGTCTCCTCCA,1.3285641321727784
TNFRSF14g3,TNFRSF14,AGCTCTGCCGTCCTGCAAGG,0.24618475566526765
TNFRSF14g4,TNFRSF14,TGGGTACTCGTCCTCCTTGC,0.33986768638287546
UBE2L6g1,UBE2L6,AGAAGCCTCCCCCATACCTG,0.628590100383505
UBE2L6g2,UBE2L6,GGCTTGAACGGATACTCCGG,0.4994048855027741
UBE2L6g3,UBE2L6,ATGATGCCAATGTCCTGGTG,0.138309033303181
UBE2L6g4,UBE2L6,AAGGCTTTCAGGTGGTAGGG,-0.2662688205626471
NTg1,Non-Targeting,AACCACGGCATTGAGAGGTG ,0.5079598932959599
NTg2,Non-Targeting,TACATGGTATAGTGTTTATT ,-0.2102249868561243
NTg3,Non-Targeting,GGGCAGAAGTTGCTGTCCTG ,-0.44772803516298804
NTg4,Non-Targeting,ACGGAGGCTAAGCGTCGCAA,1.136497024149662
NTg5,Non-Targeting,CGCTTCCGCGGCCCGTTCAA,-0.5602189878183463
NTg6,Non-Targeting,ATCGTTTCCGCTTAACGGCG,-0.6451952447454946
NTg7,Non-Targeting,ATCGTTTCCGCTTAACGGCG,-0.6451952447454946
NTg8,Non-Targeting,GTAGGCGCGCCGCTCTCTAC,0.4356016984665073
NTg9,Non-Targeting,CCATATCGGGGCGAGACATG,0.6195806833355957
NTg10,Non-Targeting,TACTAACGCCGCTCCTACAG,0.4811621705863008
